<cs.ds.domain.Patients>
  <patientsList>
    <patient>
      <id>1</id>
      <name>Harry Potter</name>
      <dob>1923-05-21 04:00:00.0 UTC</dob>
      <dobPlace>
        <id>2</id>
        <street>Long Drv</street>
        <appartmentNo>Outer hospital</appartmentNo>
        <city>Bristol</city>
        <zipCode>23434</zipCode>
        <state>CN</state>
        <country>Canada</country>
      </dobPlace>
      <address>
        <id>3</id>
        <street>No street defined</street>
        <appartmentNo>234</appartmentNo>
        <city>Far city</city>
        <zipCode>334234</zipCode>
        <state>Creator</state>
        <country>Moon</country>
      </address>
      <treatmentHistory>
        <treatment>
          <id>1</id>
          <title>Severe Heart disease</title>
          <nameofDoctor>Dr. Superman</nameofDoctor>
          <nameOfHospital>Finest medical hospital</nameOfHospital>
          <addressOfHospital>
            <id>1</id>
            <street>Seminole Drv</street>
            <appartmentNo>Central Hospital Apartment</appartmentNo>
            <city>Johnson City</city>
            <zipCode>33434</zipCode>
            <state>TN</state>
            <country>US</country>
          </addressOfHospital>
          <dateOfTreatment>1945-05-17 04:00:00.0 UTC</dateOfTreatment>
          <symptoms>Heart attack</symptoms>
          <descriptionOfTreatment>Did a surgery</descriptionOfTreatment>
          <treatmentReports>
            <string>op.jpg</string>
            <string>soa.jpg</string>
            <string>nar.jpg</string>
          </treatmentReports>
        </treatment>
        <treatment>
          <id>2</id>
          <title>Severe Lungs disease</title>
          <nameofDoctor>Dr. Octopos</nameofDoctor>
          <nameOfHospital>Finest lungs hospital</nameOfHospital>
          <addressOfHospital reference="../../treatment/addressOfHospital"/>
          <dateOfTreatment>1935-02-15 05:00:00.0 UTC</dateOfTreatment>
          <symptoms>Lungs attack</symptoms>
          <descriptionOfTreatment>Lungs surgery</descriptionOfTreatment>
          <treatmentReports>
            <string>op1.jpg</string>
            <string>soa1.jpg</string>
            <string>nar1.jpg</string>
          </treatmentReports>
        </treatment>
      </treatmentHistory>
    </patient>
    <patient>
      <id>2</id>
      <name>Ron Hermaine</name>
      <dob>1923-05-21 04:00:00.0 UTC</dob>
      <dobPlace>
        <id>2</id>
        <street>Long Drv</street>
        <appartmentNo>Outer hospital</appartmentNo>
        <city>Bristol</city>
        <zipCode>23434</zipCode>
        <state>CN</state>
        <country>Canada</country>
      </dobPlace>
      <address>
        <id>3</id>
        <street>No street defined</street>
        <appartmentNo>234</appartmentNo>
        <city>Far city</city>
        <zipCode>334234</zipCode>
        <state>Creator</state>
        <country>Moon</country>
      </address>
      <treatmentHistory>
        <treatment>
          <id>1</id>
          <title>Severe Heart disease</title>
          <nameofDoctor>Dr. Superman</nameofDoctor>
          <nameOfHospital>Finest medical hospital</nameOfHospital>
          <addressOfHospital>
            <id>1</id>
            <street>Seminole Drv</street>
            <appartmentNo>Central Hospital Apartment</appartmentNo>
            <city>Johnson City</city>
            <zipCode>33434</zipCode>
            <state>TN</state>
            <country>US</country>
          </addressOfHospital>
          <dateOfTreatment>1945-05-17 04:00:00.0 UTC</dateOfTreatment>
          <symptoms>Heart attack</symptoms>
          <descriptionOfTreatment>Did a surgery</descriptionOfTreatment>
          <treatmentReports>
            <string>op.jpg</string>
            <string>soa.jpg</string>
            <string>nar.jpg</string>
          </treatmentReports>
        </treatment>
        <treatment>
          <id>2</id>
          <title>Severe Lungs disease</title>
          <nameofDoctor>Dr. Octopos</nameofDoctor>
          <nameOfHospital>Finest lungs hospital</nameOfHospital>
          <addressOfHospital reference="../../treatment/addressOfHospital"/>
          <dateOfTreatment>1935-02-15 05:00:00.0 UTC</dateOfTreatment>
          <symptoms>Lungs attack</symptoms>
          <descriptionOfTreatment>Lungs surgery</descriptionOfTreatment>
          <treatmentReports>
            <string>op1.jpg</string>
            <string>soa1.jpg</string>
            <string>nar1.jpg</string>
          </treatmentReports>
        </treatment>
      </treatmentHistory>
    </patient>
  </patientsList>
</cs.ds.domain.Patients>
